-----------------------
-----------------------
-- INITIANLISATION TABLE ACM_ENVIRONNEMENT WITH LIMITE_ID_LOAN_EXTERNE = 0
-----------------------
INSERT INTO [DBO].[ACM_ENVIRONNEMENT]([ACM_ENVIRONNEMENT_KEY], [ACM_ENVIRONNEMENT_VALUE], [ACM_ENABLED], [DATE_INSERTION], [ACM_VERSION]) 
VALUES ('LIMITE_ID_LOAN_EXTERNE', '0', 1, '2020-02-11', 0)

-----------------------
-----------------------
-- DATA [OAUTH_CLIENT_DETAILS]
-----------------------
INSERT INTO  oauth_client_details ( client_id,client_secret,resource_ids,scope,authorized_grant_types,authorities,access_token_validity,refresh_token_validity)
VALUES  ( 'talysclient', '$2a$08$ePUWmsLTqNezRk7MCUfg6.HU3RUO3N2M6H.Xj0gMvKiUsGgvg/Fve', --appclient@123
    'talysapp', 'read,write', 'authorization_code,check_token,refresh_token,password,client_credentials', 'ROLE_CLIENT',  7000,  250000 );
    
-----------------------
-----------------------
-- DATA [ACM_USERS]
-----------------------

INSERT INTO ACM_USERS(username,password,ACM_ENABLED, account_portfolio_id, user_extern_id,user_profil_id,responsable_id,DATE_INSERTION,INSERT_BY) 
    VALUES ('john', '$2a$10$7iSnwpCdFHFJCqhdcV.cMOlMPkoZvjhu0VMgQUnfNn2nhMplGz8bq', 1,0,0,0,0,GETDATE(),'ADMIN'); --john@123
INSERT INTO ACM_USERS (username,password,ACM_ENABLED, account_portfolio_id, user_extern_id,user_profil_id,responsable_id,DATE_INSERTION,INSERT_BY)
    VALUES ('kelly','$2a$10$dzbLJaAWzZaCS7uGFL9DeO4vsS/0/XvlgfyGeCeP1hrOUoGMFMVdy', 1,0,0,0,0,GETDATE(),'ADMIN'); --kelly@123	

INSERT INTO ACM_USERS(username,password,ACM_ENABLED, account_portfolio_id, user_extern_id,user_profil_id,responsable_id,DATE_INSERTION,INSERT_BY) 
    VALUES ('acmbatch', '$2a$10$msJbB.ncaJRmnLSeGNfVr.FU3kCHIFNf3LV3tmic9lFqh5k2Bieq2', 1,0,0,0,0,GETDATE(),'ADMIN'); --acmbatch@123

UPDATE [dbo].[ACM_USERS]
   SET [NAME] = 'John'
      ,[SUR_NAME] = 'ACM'
      ,[EMAIL] = 'john@Talys.com'
 WHERE USERNAME='john';

 UPDATE [dbo].[ACM_USERS]
   SET [NAME] = 'Kelly'
      ,[SUR_NAME] = 'ACM'
      ,[EMAIL] = 'kelly@Talys.com'
 WHERE USERNAME='kelly';

 UPDATE [dbo].[ACM_USERS]
   SET [NAME] = 'Acm_Batch'
      ,[SUR_NAME] = 'ACM_SYSTEME'
      ,[EMAIL] = 'john@Talys.com'
 WHERE USERNAME='acmbatch';
-----------------------
-----------------------
-- DATA [ACM_GROUPE]
-----------------------



-----------------------
-----------------------
-- DATA [ACM_USERS_GROUPE]
-----------------------

INSERT INTO [dbo].[ACM_USERS_GROUPE]([ID_ACM_GROUPE],[USERNAME]) VALUES(1,'john');
INSERT INTO [dbo].[ACM_USERS_GROUPE]([ID_ACM_GROUPE],[USERNAME]) VALUES(2,'kelly');


-----------------------
-----------------------
-- DATA [ACM_SETTING_MOTIFS_REJET]
-- Table : select * from CULoanCancelReasons;
-- CATEGORIE : REJET / CORRECTIFS
-----------------------    
                  
    

-----------------------
-----------------------
-- DATA [ACM_SETTING_STATUT_WORKFLOW]
-----------------------
 
INSERT INTO [dbo].[ACM_SETTING_STATUT_WORKFLOW] ([CODE],[LIBELLE],[DESCRIPTION],[CODE_STATUT_LOAN],[STATUT_LOAN],[ACM_ENABLED],[DATE_INSERTION],[INSERT_BY],[ACM_VERSION])
     VALUES (1,'Initial Check','Initial Check => New'
           ,1,'New',1,'2020-03-30','ADMIN',0);

INSERT INTO [dbo].[ACM_SETTING_STATUT_WORKFLOW] ([CODE],[LIBELLE],[DESCRIPTION],[CODE_STATUT_LOAN],[STATUT_LOAN],[ACM_ENABLED],[DATE_INSERTION],[INSERT_BY],[ACM_VERSION])
     VALUES (2,'Field visit','Field visit => Drafts'
           ,2,'Drafts',1,'2020-03-30','ADMIN',0);
INSERT INTO [dbo].[ACM_SETTING_STATUT_WORKFLOW] ([CODE],[LIBELLE],[DESCRIPTION],[CODE_STATUT_LOAN],[STATUT_LOAN],[ACM_ENABLED],[DATE_INSERTION],[INSERT_BY],[ACM_VERSION])
     VALUES (3,'Guarantor','Guarantor => Drafts'
           ,2,'Drafts',1,'2020-03-30','ADMIN',0);
INSERT INTO [dbo].[ACM_SETTING_STATUT_WORKFLOW] ([CODE],[LIBELLE],[DESCRIPTION],[CODE_STATUT_LOAN],[STATUT_LOAN],[ACM_ENABLED],[DATE_INSERTION],[INSERT_BY],[ACM_VERSION])
     VALUES (4,'Collateral','Collateral => Drafts'
           ,2,'Drafts',1,'2020-03-30','ADMIN',0);
INSERT INTO [dbo].[ACM_SETTING_STATUT_WORKFLOW] ([CODE],[LIBELLE],[DESCRIPTION],[CODE_STATUT_LOAN],[STATUT_LOAN],[ACM_ENABLED],[DATE_INSERTION],[INSERT_BY],[ACM_VERSION])
     VALUES (5,'Add Documents','Add Documents => Drafts'
           ,2,'Drafts',1,'2020-03-30','ADMIN',0);
INSERT INTO [dbo].[ACM_SETTING_STATUT_WORKFLOW] ([CODE],[LIBELLE],[DESCRIPTION],[CODE_STATUT_LOAN],[STATUT_LOAN],[ACM_ENABLED],[DATE_INSERTION],[INSERT_BY],[ACM_VERSION])
     VALUES (6,'Financial Analysis','Financial Analysis => Drafts'
           ,2,'Drafts',1,'2020-03-30','ADMIN',0);

INSERT INTO [dbo].[ACM_SETTING_STATUT_WORKFLOW] ([CODE],[LIBELLE],[DESCRIPTION],[CODE_STATUT_LOAN],[STATUT_LOAN],[ACM_ENABLED],[DATE_INSERTION],[INSERT_BY],[ACM_VERSION])
     VALUES (7,'Approval L1','Approval L1 => Awaiting Approval'
           ,3,'Awaiting Approval',1,'2020-03-30','ADMIN',0);
INSERT INTO [dbo].[ACM_SETTING_STATUT_WORKFLOW] ([CODE],[LIBELLE],[DESCRIPTION],[CODE_STATUT_LOAN],[STATUT_LOAN],[ACM_ENABLED],[DATE_INSERTION],[INSERT_BY],[ACM_VERSION])
     VALUES (8,'Approval L2','Approval L2 => Awaiting Approval'
           ,3,'Awaiting Approval',1,'2020-03-30','ADMIN',0);
INSERT INTO [dbo].[ACM_SETTING_STATUT_WORKFLOW] ([CODE],[LIBELLE],[DESCRIPTION],[CODE_STATUT_LOAN],[STATUT_LOAN],[ACM_ENABLED],[DATE_INSERTION],[INSERT_BY],[ACM_VERSION])
     VALUES (9,'Approval L3','Approval L3 => Awaiting Approval'
           ,3,'Awaiting Approval',1,'2020-03-30','ADMIN',0);
INSERT INTO [dbo].[ACM_SETTING_STATUT_WORKFLOW] ([CODE],[LIBELLE],[DESCRIPTION],[CODE_STATUT_LOAN],[STATUT_LOAN],[ACM_ENABLED],[DATE_INSERTION],[INSERT_BY],[ACM_VERSION])
     VALUES (10,'Approval L4','Approval L4 => Awaiting Approval'
           ,3,'Awaiting Approval',1,'2020-03-30','ADMIN',0);

INSERT INTO [dbo].[ACM_SETTING_STATUT_WORKFLOW] ([CODE],[LIBELLE],[DESCRIPTION],[CODE_STATUT_LOAN],[STATUT_LOAN],[ACM_ENABLED],[DATE_INSERTION],[INSERT_BY],[ACM_VERSION])
     VALUES (11,'Customer Decision','Customer Decision => Approved'
           ,4,'Approved',1,'2020-03-30','ADMIN',0);
INSERT INTO [dbo].[ACM_SETTING_STATUT_WORKFLOW] ([CODE],[LIBELLE],[DESCRIPTION],[CODE_STATUT_LOAN],[STATUT_LOAN],[ACM_ENABLED],[DATE_INSERTION],[INSERT_BY],[ACM_VERSION])
     VALUES (12,'Upload Signed Agreement','Upload Signed Agreement => Approved'
           ,4,'Approved',1,'2020-03-30','ADMIN',0);
INSERT INTO [dbo].[ACM_SETTING_STATUT_WORKFLOW] ([CODE],[LIBELLE],[DESCRIPTION],[CODE_STATUT_LOAN],[STATUT_LOAN],[ACM_ENABLED],[DATE_INSERTION],[INSERT_BY],[ACM_VERSION])
     VALUES (13,'Disbursement & Case Closure','Disbursement & Case Closure => Approved'
           ,4,'Approved',1,'2020-03-30','ADMIN',0);
           
INSERT INTO [dbo].[ACM_SETTING_STATUT_WORKFLOW] ([CODE],[LIBELLE],[DESCRIPTION],[CODE_STATUT_LOAN],[STATUT_LOAN],[ACM_ENABLED],[DATE_INSERTION],[INSERT_BY],[ACM_VERSION])
     VALUES (14,'Rejected','Rejected'
           ,5,'Rejected',1,'2020-03-30','ADMIN',0);
           
INSERT INTO [dbo].[ACM_SETTING_STATUT_WORKFLOW] ([CODE],[LIBELLE],[DESCRIPTION],[CODE_STATUT_LOAN],[STATUT_LOAN],[ACM_ENABLED],[DATE_INSERTION],[INSERT_BY],[ACM_VERSION])
     VALUES (15,'Cancelled','Cancelled'
           ,6,'Cancelled',1,'2020-03-30','ADMIN',0);

-----------------------
-----------------------
-- DATA [[ACM_SETTING_DOC_TYPE]]
-----------------------

-- LOAN : 0 
-- CLIENT : 1
INSERT INTO [dbo].[ACM_SETTING_DOC_TYPE]([CODE],[LIBELLE],[DESCRIPTION],[CATEGORIE],[UNIQUENESS],[DATE_DEBUT],[ACM_ENABLED],[DATE_INSERTION],[INSERT_BY],[ACM_VERSION])
VALUES  ('ID_CARD','ID Card','Identity Card',1,1,GETDATE(),1,GETDATE(),'ADMIN',0);
INSERT INTO [dbo].[ACM_SETTING_DOC_TYPE]([CODE],[LIBELLE],[DESCRIPTION],[CATEGORIE],[UNIQUENESS],[DATE_DEBUT],[ACM_ENABLED],[DATE_INSERTION],[INSERT_BY],[ACM_VERSION])
VALUES  ('PASS','Passport','Passport',1,1,GETDATE(),1,GETDATE(),'ADMIN',0);
INSERT INTO [dbo].[ACM_SETTING_DOC_TYPE]([CODE],[LIBELLE],[DESCRIPTION],[CATEGORIE],[UNIQUENESS],[DATE_DEBUT],[ACM_ENABLED],[DATE_INSERTION],[INSERT_BY],[ACM_VERSION])
VALUES  ('PHOTO','Photo','Photo Identity Proof',1,1,GETDATE(),1,GETDATE(),'ADMIN',0);
INSERT INTO [dbo].[ACM_SETTING_DOC_TYPE]([CODE],[LIBELLE],[DESCRIPTION],[CATEGORIE],[UNIQUENESS],[DATE_DEBUT],[ACM_ENABLED],[DATE_INSERTION],[INSERT_BY],[ACM_VERSION])
VALUES  ('INC_STAT','Income Statement','Income Statement',0,0,GETDATE(),1,GETDATE(),'ADMIN',0);
INSERT INTO [dbo].[ACM_SETTING_DOC_TYPE]([CODE],[LIBELLE],[DESCRIPTION],[CATEGORIE],[UNIQUENESS],[DATE_DEBUT],[ACM_ENABLED],[DATE_INSERTION],[INSERT_BY],[ACM_VERSION])
VALUES  ('BANK_S','Bank Statement','Bank Statement',0,0,GETDATE(),1,GETDATE(),'ADMIN',0);
INSERT INTO [dbo].[ACM_SETTING_DOC_TYPE]([CODE],[LIBELLE],[DESCRIPTION],[CATEGORIE],[UNIQUENESS],[DATE_DEBUT],[ACM_ENABLED],[DATE_INSERTION],[INSERT_BY],[ACM_VERSION])
VALUES  ('DRIV_LIC','Driving license','Driving license',1,0,GETDATE(),1,GETDATE(),'ADMIN',0);
INSERT INTO [dbo].[ACM_SETTING_DOC_TYPE]([CODE],[LIBELLE],[DESCRIPTION],[CATEGORIE],[UNIQUENESS],[DATE_DEBUT],[ACM_ENABLED],[DATE_INSERTION],[INSERT_BY],[ACM_VERSION])
VALUES  ('BILL','Bill','Residence Address Proof',0,0,GETDATE(),1,GETDATE(),'ADMIN',0);

INSERT INTO [dbo].[ACM_SETTING_DOC_TYPE]([CODE],[LIBELLE],[DESCRIPTION],[CATEGORIE],[UNIQUENESS],[DATE_DEBUT],[ACM_ENABLED],[DATE_INSERTION],[INSERT_BY],[ACM_VERSION])
VALUES  ('OTHER_LOAN','Other Loan','Loan - Other documents',0,0,GETDATE(),1,GETDATE(),'ADMIN',0);
INSERT INTO [dbo].[ACM_SETTING_DOC_TYPE]([CODE],[LIBELLE],[DESCRIPTION],[CATEGORIE],[UNIQUENESS],[DATE_DEBUT],[ACM_ENABLED],[DATE_INSERTION],[INSERT_BY],[ACM_VERSION])
VALUES  ('OTHER_CLI','Other Client','Client - Other documents',1,0,GETDATE(),1,GETDATE(),'ADMIN',0);

-----------------------
-----------------------
-- DATA [[[ACM_SETTING_DOC_PRODUCT]]]
-----------------------

INSERT INTO [dbo].[ACM_SETTING_DOC_PRODUCT] ([PRODUCT_ID] ,[ID_ACM_SETTING_DOC_TYPE],[MANDATORY],[DATE_DEBUT],[ACM_ENABLED],[DATE_INSERTION],[INSERT_BY],[ACM_VERSION])
     VALUES(1 , 1 , 1,GETDATE() ,1,GETDATE(),'ADMIN',0);
INSERT INTO [dbo].[ACM_SETTING_DOC_PRODUCT] ([PRODUCT_ID] ,[ID_ACM_SETTING_DOC_TYPE],[MANDATORY],[DATE_DEBUT],[ACM_ENABLED],[DATE_INSERTION],[INSERT_BY],[ACM_VERSION])
     VALUES(1 , 2 , 0,GETDATE() ,1,GETDATE(),'ADMIN',0);
INSERT INTO [dbo].[ACM_SETTING_DOC_PRODUCT] ([PRODUCT_ID] ,[ID_ACM_SETTING_DOC_TYPE],[MANDATORY],[DATE_DEBUT],[ACM_ENABLED],[DATE_INSERTION],[INSERT_BY],[ACM_VERSION])
     VALUES(1 , 3 , 0,GETDATE() ,1,GETDATE(),'ADMIN',0);
INSERT INTO [dbo].[ACM_SETTING_DOC_PRODUCT] ([PRODUCT_ID] ,[ID_ACM_SETTING_DOC_TYPE],[MANDATORY],[DATE_DEBUT],[ACM_ENABLED],[DATE_INSERTION],[INSERT_BY],[ACM_VERSION])
     VALUES(1 , 4 , 0,GETDATE() ,1,GETDATE(),'ADMIN',0);
INSERT INTO [dbo].[ACM_SETTING_DOC_PRODUCT] ([PRODUCT_ID] ,[ID_ACM_SETTING_DOC_TYPE],[MANDATORY],[DATE_DEBUT],[ACM_ENABLED],[DATE_INSERTION],[INSERT_BY],[ACM_VERSION])
     VALUES(1 , 5 , 1,GETDATE() ,1,GETDATE(),'ADMIN',0);
INSERT INTO [dbo].[ACM_SETTING_DOC_PRODUCT] ([PRODUCT_ID] ,[ID_ACM_SETTING_DOC_TYPE],[MANDATORY],[DATE_DEBUT],[ACM_ENABLED],[DATE_INSERTION],[INSERT_BY],[ACM_VERSION])
     VALUES(1 , 6 , 0,GETDATE() ,1,GETDATE(),'ADMIN',0);
INSERT INTO [dbo].[ACM_SETTING_DOC_PRODUCT] ([PRODUCT_ID] ,[ID_ACM_SETTING_DOC_TYPE],[MANDATORY],[DATE_DEBUT],[ACM_ENABLED],[DATE_INSERTION],[INSERT_BY],[ACM_VERSION])
     VALUES(1 , 7 , 0,GETDATE() ,1,GETDATE(),'ADMIN',0);
INSERT INTO [dbo].[ACM_SETTING_DOC_PRODUCT] ([PRODUCT_ID] ,[ID_ACM_SETTING_DOC_TYPE],[MANDATORY],[DATE_DEBUT],[ACM_ENABLED],[DATE_INSERTION],[INSERT_BY],[ACM_VERSION])
     VALUES(1 , 8 , 1,GETDATE() ,1,GETDATE(),'ADMIN',0);
INSERT INTO [dbo].[ACM_SETTING_DOC_PRODUCT] ([PRODUCT_ID] ,[ID_ACM_SETTING_DOC_TYPE],[MANDATORY],[DATE_DEBUT],[ACM_ENABLED],[DATE_INSERTION],[INSERT_BY],[ACM_VERSION])
     VALUES(1 , 9 , 0,GETDATE() ,1,GETDATE(),'ADMIN',0);
INSERT INTO [dbo].[ACM_SETTING_DOC_PRODUCT] ([PRODUCT_ID] ,[ID_ACM_SETTING_DOC_TYPE],[MANDATORY],[DATE_DEBUT],[ACM_ENABLED],[DATE_INSERTION],[INSERT_BY],[ACM_VERSION])
     VALUES(3 , 1 , 1,GETDATE() ,1,GETDATE(),'ADMIN',0);
INSERT INTO [dbo].[ACM_SETTING_DOC_PRODUCT] ([PRODUCT_ID] ,[ID_ACM_SETTING_DOC_TYPE],[MANDATORY],[DATE_DEBUT],[ACM_ENABLED],[DATE_INSERTION],[INSERT_BY],[ACM_VERSION])
     VALUES(3 , 2 , 0,GETDATE() ,1,GETDATE(),'ADMIN',0);
INSERT INTO [dbo].[ACM_SETTING_DOC_PRODUCT] ([PRODUCT_ID] ,[ID_ACM_SETTING_DOC_TYPE],[MANDATORY],[DATE_DEBUT],[ACM_ENABLED],[DATE_INSERTION],[INSERT_BY],[ACM_VERSION])
     VALUES(3 , 3 , 0,GETDATE() ,1,GETDATE(),'ADMIN',0);
INSERT INTO [dbo].[ACM_SETTING_DOC_PRODUCT] ([PRODUCT_ID] ,[ID_ACM_SETTING_DOC_TYPE],[MANDATORY],[DATE_DEBUT],[ACM_ENABLED],[DATE_INSERTION],[INSERT_BY],[ACM_VERSION])
     VALUES(3 , 4 , 0,GETDATE() ,1,GETDATE(),'ADMIN',0);
INSERT INTO [dbo].[ACM_SETTING_DOC_PRODUCT] ([PRODUCT_ID] ,[ID_ACM_SETTING_DOC_TYPE],[MANDATORY],[DATE_DEBUT],[ACM_ENABLED],[DATE_INSERTION],[INSERT_BY],[ACM_VERSION])
     VALUES(3 , 5 , 1,GETDATE() ,1,GETDATE(),'ADMIN',0);
INSERT INTO [dbo].[ACM_SETTING_DOC_PRODUCT] ([PRODUCT_ID] ,[ID_ACM_SETTING_DOC_TYPE],[MANDATORY],[DATE_DEBUT],[ACM_ENABLED],[DATE_INSERTION],[INSERT_BY],[ACM_VERSION])
     VALUES(3 , 6 , 0,GETDATE() ,1,GETDATE(),'ADMIN',0);
INSERT INTO [dbo].[ACM_SETTING_DOC_PRODUCT] ([PRODUCT_ID] ,[ID_ACM_SETTING_DOC_TYPE],[MANDATORY],[DATE_DEBUT],[ACM_ENABLED],[DATE_INSERTION],[INSERT_BY],[ACM_VERSION])
     VALUES(3 , 7 , 0,GETDATE() ,1,GETDATE(),'ADMIN',0);
INSERT INTO [dbo].[ACM_SETTING_DOC_PRODUCT] ([PRODUCT_ID] ,[ID_ACM_SETTING_DOC_TYPE],[MANDATORY],[DATE_DEBUT],[ACM_ENABLED],[DATE_INSERTION],[INSERT_BY],[ACM_VERSION])
     VALUES(3 , 8 , 1,GETDATE() ,1,GETDATE(),'ADMIN',0);
INSERT INTO [dbo].[ACM_SETTING_DOC_PRODUCT] ([PRODUCT_ID] ,[ID_ACM_SETTING_DOC_TYPE],[MANDATORY],[DATE_DEBUT],[ACM_ENABLED],[DATE_INSERTION],[INSERT_BY],[ACM_VERSION])
     VALUES(3 , 9 , 0,GETDATE() ,1,GETDATE(),'ADMIN',0);
INSERT INTO [dbo].[ACM_SETTING_DOC_PRODUCT] ([PRODUCT_ID] ,[ID_ACM_SETTING_DOC_TYPE],[MANDATORY],[DATE_DEBUT],[ACM_ENABLED],[DATE_INSERTION],[INSERT_BY],[ACM_VERSION])
     VALUES(6 , 1 , 1,GETDATE() ,1,GETDATE(),'ADMIN',0);
INSERT INTO [dbo].[ACM_SETTING_DOC_PRODUCT] ([PRODUCT_ID] ,[ID_ACM_SETTING_DOC_TYPE],[MANDATORY],[DATE_DEBUT],[ACM_ENABLED],[DATE_INSERTION],[INSERT_BY],[ACM_VERSION])
     VALUES(6 , 2 , 0,GETDATE() ,1,GETDATE(),'ADMIN',0);
INSERT INTO [dbo].[ACM_SETTING_DOC_PRODUCT] ([PRODUCT_ID] ,[ID_ACM_SETTING_DOC_TYPE],[MANDATORY],[DATE_DEBUT],[ACM_ENABLED],[DATE_INSERTION],[INSERT_BY],[ACM_VERSION])
     VALUES(6 , 3 , 0,GETDATE() ,1,GETDATE(),'ADMIN',0);
INSERT INTO [dbo].[ACM_SETTING_DOC_PRODUCT] ([PRODUCT_ID] ,[ID_ACM_SETTING_DOC_TYPE],[MANDATORY],[DATE_DEBUT],[ACM_ENABLED],[DATE_INSERTION],[INSERT_BY],[ACM_VERSION])
     VALUES(6 , 4 , 0,GETDATE() ,1,GETDATE(),'ADMIN',0);
INSERT INTO [dbo].[ACM_SETTING_DOC_PRODUCT] ([PRODUCT_ID] ,[ID_ACM_SETTING_DOC_TYPE],[MANDATORY],[DATE_DEBUT],[ACM_ENABLED],[DATE_INSERTION],[INSERT_BY],[ACM_VERSION])
     VALUES(6 , 5 , 1,GETDATE() ,1,GETDATE(),'ADMIN',0);
INSERT INTO [dbo].[ACM_SETTING_DOC_PRODUCT] ([PRODUCT_ID] ,[ID_ACM_SETTING_DOC_TYPE],[MANDATORY],[DATE_DEBUT],[ACM_ENABLED],[DATE_INSERTION],[INSERT_BY],[ACM_VERSION])
     VALUES(6 , 6 , 0,GETDATE() ,1,GETDATE(),'ADMIN',0);
INSERT INTO [dbo].[ACM_SETTING_DOC_PRODUCT] ([PRODUCT_ID] ,[ID_ACM_SETTING_DOC_TYPE],[MANDATORY],[DATE_DEBUT],[ACM_ENABLED],[DATE_INSERTION],[INSERT_BY],[ACM_VERSION])
     VALUES(6 , 7 , 0,GETDATE() ,1,GETDATE(),'ADMIN',0);
INSERT INTO [dbo].[ACM_SETTING_DOC_PRODUCT] ([PRODUCT_ID] ,[ID_ACM_SETTING_DOC_TYPE],[MANDATORY],[DATE_DEBUT],[ACM_ENABLED],[DATE_INSERTION],[INSERT_BY],[ACM_VERSION])
     VALUES(6 , 8 , 1,GETDATE() ,1,GETDATE(),'ADMIN',0);
INSERT INTO [dbo].[ACM_SETTING_DOC_PRODUCT] ([PRODUCT_ID] ,[ID_ACM_SETTING_DOC_TYPE],[MANDATORY],[DATE_DEBUT],[ACM_ENABLED],[DATE_INSERTION],[INSERT_BY],[ACM_VERSION])
     VALUES(6 , 9 , 0,GETDATE() ,1,GETDATE(),'ADMIN',0);
INSERT INTO [dbo].[ACM_SETTING_DOC_PRODUCT] ([PRODUCT_ID] ,[ID_ACM_SETTING_DOC_TYPE],[MANDATORY],[DATE_DEBUT],[ACM_ENABLED],[DATE_INSERTION],[INSERT_BY],[ACM_VERSION])
     VALUES(6 , 1 , 1,GETDATE() ,1,GETDATE(),'ADMIN',0);
INSERT INTO [dbo].[ACM_SETTING_DOC_PRODUCT] ([PRODUCT_ID] ,[ID_ACM_SETTING_DOC_TYPE],[MANDATORY],[DATE_DEBUT],[ACM_ENABLED],[DATE_INSERTION],[INSERT_BY],[ACM_VERSION])
     VALUES(20 , 2 , 0,GETDATE() ,1,GETDATE(),'ADMIN',0);
INSERT INTO [dbo].[ACM_SETTING_DOC_PRODUCT] ([PRODUCT_ID] ,[ID_ACM_SETTING_DOC_TYPE],[MANDATORY],[DATE_DEBUT],[ACM_ENABLED],[DATE_INSERTION],[INSERT_BY],[ACM_VERSION])
     VALUES(20 , 3 , 0,GETDATE() ,1,GETDATE(),'ADMIN',0);
INSERT INTO [dbo].[ACM_SETTING_DOC_PRODUCT] ([PRODUCT_ID] ,[ID_ACM_SETTING_DOC_TYPE],[MANDATORY],[DATE_DEBUT],[ACM_ENABLED],[DATE_INSERTION],[INSERT_BY],[ACM_VERSION])
     VALUES(20 , 4 , 0,GETDATE() ,1,GETDATE(),'ADMIN',0);
INSERT INTO [dbo].[ACM_SETTING_DOC_PRODUCT] ([PRODUCT_ID] ,[ID_ACM_SETTING_DOC_TYPE],[MANDATORY],[DATE_DEBUT],[ACM_ENABLED],[DATE_INSERTION],[INSERT_BY],[ACM_VERSION])
     VALUES(20 , 5 , 1,GETDATE() ,1,GETDATE(),'ADMIN',0);
INSERT INTO [dbo].[ACM_SETTING_DOC_PRODUCT] ([PRODUCT_ID] ,[ID_ACM_SETTING_DOC_TYPE],[MANDATORY],[DATE_DEBUT],[ACM_ENABLED],[DATE_INSERTION],[INSERT_BY],[ACM_VERSION])
     VALUES(20 , 6 , 0,GETDATE() ,1,GETDATE(),'ADMIN',0);
INSERT INTO [dbo].[ACM_SETTING_DOC_PRODUCT] ([PRODUCT_ID] ,[ID_ACM_SETTING_DOC_TYPE],[MANDATORY],[DATE_DEBUT],[ACM_ENABLED],[DATE_INSERTION],[INSERT_BY],[ACM_VERSION])
     VALUES(20 , 7 , 0,GETDATE() ,1,GETDATE(),'ADMIN',0);
INSERT INTO [dbo].[ACM_SETTING_DOC_PRODUCT] ([PRODUCT_ID] ,[ID_ACM_SETTING_DOC_TYPE],[MANDATORY],[DATE_DEBUT],[ACM_ENABLED],[DATE_INSERTION],[INSERT_BY],[ACM_VERSION])
     VALUES(20 , 8 , 1,GETDATE() ,1,GETDATE(),'ADMIN',0);
INSERT INTO [dbo].[ACM_SETTING_DOC_PRODUCT] ([PRODUCT_ID] ,[ID_ACM_SETTING_DOC_TYPE],[MANDATORY],[DATE_DEBUT],[ACM_ENABLED],[DATE_INSERTION],[INSERT_BY],[ACM_VERSION])
     VALUES(20 , 9 , 0,GETDATE() ,1,GETDATE(),'ADMIN',0);
INSERT INTO [dbo].[ACM_SETTING_DOC_PRODUCT] ([PRODUCT_ID] ,[ID_ACM_SETTING_DOC_TYPE],[MANDATORY],[DATE_DEBUT],[ACM_ENABLED],[DATE_INSERTION],[INSERT_BY],[ACM_VERSION])
     VALUES(20 , 1 , 1,GETDATE() ,1,GETDATE(),'ADMIN',0);
INSERT INTO [dbo].[ACM_SETTING_DOC_PRODUCT] ([PRODUCT_ID] ,[ID_ACM_SETTING_DOC_TYPE],[MANDATORY],[DATE_DEBUT],[ACM_ENABLED],[DATE_INSERTION],[INSERT_BY],[ACM_VERSION])
     VALUES(21 , 2 , 0,GETDATE() ,1,GETDATE(),'ADMIN',0);
INSERT INTO [dbo].[ACM_SETTING_DOC_PRODUCT] ([PRODUCT_ID] ,[ID_ACM_SETTING_DOC_TYPE],[MANDATORY],[DATE_DEBUT],[ACM_ENABLED],[DATE_INSERTION],[INSERT_BY],[ACM_VERSION])
     VALUES(21 , 3 , 0,GETDATE() ,1,GETDATE(),'ADMIN',0);
INSERT INTO [dbo].[ACM_SETTING_DOC_PRODUCT] ([PRODUCT_ID] ,[ID_ACM_SETTING_DOC_TYPE],[MANDATORY],[DATE_DEBUT],[ACM_ENABLED],[DATE_INSERTION],[INSERT_BY],[ACM_VERSION])
     VALUES(21 , 4 , 0,GETDATE() ,1,GETDATE(),'ADMIN',0);
INSERT INTO [dbo].[ACM_SETTING_DOC_PRODUCT] ([PRODUCT_ID] ,[ID_ACM_SETTING_DOC_TYPE],[MANDATORY],[DATE_DEBUT],[ACM_ENABLED],[DATE_INSERTION],[INSERT_BY],[ACM_VERSION])
     VALUES(21 , 5 , 1,GETDATE() ,1,GETDATE(),'ADMIN',0);
INSERT INTO [dbo].[ACM_SETTING_DOC_PRODUCT] ([PRODUCT_ID] ,[ID_ACM_SETTING_DOC_TYPE],[MANDATORY],[DATE_DEBUT],[ACM_ENABLED],[DATE_INSERTION],[INSERT_BY],[ACM_VERSION])
     VALUES(21 , 6 , 0,GETDATE() ,1,GETDATE(),'ADMIN',0);
INSERT INTO [dbo].[ACM_SETTING_DOC_PRODUCT] ([PRODUCT_ID] ,[ID_ACM_SETTING_DOC_TYPE],[MANDATORY],[DATE_DEBUT],[ACM_ENABLED],[DATE_INSERTION],[INSERT_BY],[ACM_VERSION])
     VALUES(21 , 7 , 0,GETDATE() ,1,GETDATE(),'ADMIN',0);
INSERT INTO [dbo].[ACM_SETTING_DOC_PRODUCT] ([PRODUCT_ID] ,[ID_ACM_SETTING_DOC_TYPE],[MANDATORY],[DATE_DEBUT],[ACM_ENABLED],[DATE_INSERTION],[INSERT_BY],[ACM_VERSION])
     VALUES(21 , 8 , 1,GETDATE() ,1,GETDATE(),'ADMIN',0);
INSERT INTO [dbo].[ACM_SETTING_DOC_PRODUCT] ([PRODUCT_ID] ,[ID_ACM_SETTING_DOC_TYPE],[MANDATORY],[DATE_DEBUT],[ACM_ENABLED],[DATE_INSERTION],[INSERT_BY],[ACM_VERSION])
     VALUES(21 , 9 , 0,GETDATE() ,1,GETDATE(),'ADMIN',0);
INSERT INTO [dbo].[ACM_SETTING_DOC_PRODUCT] ([PRODUCT_ID] ,[ID_ACM_SETTING_DOC_TYPE],[MANDATORY],[DATE_DEBUT],[ACM_ENABLED],[DATE_INSERTION],[INSERT_BY],[ACM_VERSION])
     VALUES(21 , 1 , 1,GETDATE() ,1,GETDATE(),'ADMIN',0);
INSERT INTO [dbo].[ACM_SETTING_DOC_PRODUCT] ([PRODUCT_ID] ,[ID_ACM_SETTING_DOC_TYPE],[MANDATORY],[DATE_DEBUT],[ACM_ENABLED],[DATE_INSERTION],[INSERT_BY],[ACM_VERSION])
     VALUES(22 , 2 , 0,GETDATE() ,1,GETDATE(),'ADMIN',0);
INSERT INTO [dbo].[ACM_SETTING_DOC_PRODUCT] ([PRODUCT_ID] ,[ID_ACM_SETTING_DOC_TYPE],[MANDATORY],[DATE_DEBUT],[ACM_ENABLED],[DATE_INSERTION],[INSERT_BY],[ACM_VERSION])
     VALUES(22 , 3 , 0,GETDATE() ,1,GETDATE(),'ADMIN',0);
INSERT INTO [dbo].[ACM_SETTING_DOC_PRODUCT] ([PRODUCT_ID] ,[ID_ACM_SETTING_DOC_TYPE],[MANDATORY],[DATE_DEBUT],[ACM_ENABLED],[DATE_INSERTION],[INSERT_BY],[ACM_VERSION])
     VALUES(22 , 4 , 0,GETDATE() ,1,GETDATE(),'ADMIN',0);
INSERT INTO [dbo].[ACM_SETTING_DOC_PRODUCT] ([PRODUCT_ID] ,[ID_ACM_SETTING_DOC_TYPE],[MANDATORY],[DATE_DEBUT],[ACM_ENABLED],[DATE_INSERTION],[INSERT_BY],[ACM_VERSION])
     VALUES(22 , 5 , 1,GETDATE() ,1,GETDATE(),'ADMIN',0);
INSERT INTO [dbo].[ACM_SETTING_DOC_PRODUCT] ([PRODUCT_ID] ,[ID_ACM_SETTING_DOC_TYPE],[MANDATORY],[DATE_DEBUT],[ACM_ENABLED],[DATE_INSERTION],[INSERT_BY],[ACM_VERSION])
     VALUES(22 , 6 , 0,GETDATE() ,1,GETDATE(),'ADMIN',0);
INSERT INTO [dbo].[ACM_SETTING_DOC_PRODUCT] ([PRODUCT_ID] ,[ID_ACM_SETTING_DOC_TYPE],[MANDATORY],[DATE_DEBUT],[ACM_ENABLED],[DATE_INSERTION],[INSERT_BY],[ACM_VERSION])
     VALUES(22 , 7 , 0,GETDATE() ,1,GETDATE(),'ADMIN',0);
INSERT INTO [dbo].[ACM_SETTING_DOC_PRODUCT] ([PRODUCT_ID] ,[ID_ACM_SETTING_DOC_TYPE],[MANDATORY],[DATE_DEBUT],[ACM_ENABLED],[DATE_INSERTION],[INSERT_BY],[ACM_VERSION])
     VALUES(22 , 8 , 1,GETDATE() ,1,GETDATE(),'ADMIN',0);
INSERT INTO [dbo].[ACM_SETTING_DOC_PRODUCT] ([PRODUCT_ID] ,[ID_ACM_SETTING_DOC_TYPE],[MANDATORY],[DATE_DEBUT],[ACM_ENABLED],[DATE_INSERTION],[INSERT_BY],[ACM_VERSION])
     VALUES(22 , 9 , 0,GETDATE() ,1,GETDATE(),'ADMIN',0);
INSERT INTO [dbo].[ACM_SETTING_DOC_PRODUCT] ([PRODUCT_ID] ,[ID_ACM_SETTING_DOC_TYPE],[MANDATORY],[DATE_DEBUT],[ACM_ENABLED],[DATE_INSERTION],[INSERT_BY],[ACM_VERSION])
     VALUES(22 , 1 , 1,GETDATE() ,1,GETDATE(),'ADMIN',0);
INSERT INTO [dbo].[ACM_SETTING_DOC_PRODUCT] ([PRODUCT_ID] ,[ID_ACM_SETTING_DOC_TYPE],[MANDATORY],[DATE_DEBUT],[ACM_ENABLED],[DATE_INSERTION],[INSERT_BY],[ACM_VERSION])
     VALUES(23 , 2 , 0,GETDATE() ,1,GETDATE(),'ADMIN',0);
INSERT INTO [dbo].[ACM_SETTING_DOC_PRODUCT] ([PRODUCT_ID] ,[ID_ACM_SETTING_DOC_TYPE],[MANDATORY],[DATE_DEBUT],[ACM_ENABLED],[DATE_INSERTION],[INSERT_BY],[ACM_VERSION])
     VALUES(23 , 3 , 0,GETDATE() ,1,GETDATE(),'ADMIN',0);
INSERT INTO [dbo].[ACM_SETTING_DOC_PRODUCT] ([PRODUCT_ID] ,[ID_ACM_SETTING_DOC_TYPE],[MANDATORY],[DATE_DEBUT],[ACM_ENABLED],[DATE_INSERTION],[INSERT_BY],[ACM_VERSION])
     VALUES(23 , 4 , 0,GETDATE() ,1,GETDATE(),'ADMIN',0);
INSERT INTO [dbo].[ACM_SETTING_DOC_PRODUCT] ([PRODUCT_ID] ,[ID_ACM_SETTING_DOC_TYPE],[MANDATORY],[DATE_DEBUT],[ACM_ENABLED],[DATE_INSERTION],[INSERT_BY],[ACM_VERSION])
     VALUES(23 , 5 , 1,GETDATE() ,1,GETDATE(),'ADMIN',0);
INSERT INTO [dbo].[ACM_SETTING_DOC_PRODUCT] ([PRODUCT_ID] ,[ID_ACM_SETTING_DOC_TYPE],[MANDATORY],[DATE_DEBUT],[ACM_ENABLED],[DATE_INSERTION],[INSERT_BY],[ACM_VERSION])
     VALUES(23 , 6 , 0,GETDATE() ,1,GETDATE(),'ADMIN',0);
INSERT INTO [dbo].[ACM_SETTING_DOC_PRODUCT] ([PRODUCT_ID] ,[ID_ACM_SETTING_DOC_TYPE],[MANDATORY],[DATE_DEBUT],[ACM_ENABLED],[DATE_INSERTION],[INSERT_BY],[ACM_VERSION])
     VALUES(23 , 7 , 0,GETDATE() ,1,GETDATE(),'ADMIN',0);
INSERT INTO [dbo].[ACM_SETTING_DOC_PRODUCT] ([PRODUCT_ID] ,[ID_ACM_SETTING_DOC_TYPE],[MANDATORY],[DATE_DEBUT],[ACM_ENABLED],[DATE_INSERTION],[INSERT_BY],[ACM_VERSION])
     VALUES(23 , 8 , 1,GETDATE() ,1,GETDATE(),'ADMIN',0);
INSERT INTO [dbo].[ACM_SETTING_DOC_PRODUCT] ([PRODUCT_ID] ,[ID_ACM_SETTING_DOC_TYPE],[MANDATORY],[DATE_DEBUT],[ACM_ENABLED],[DATE_INSERTION],[INSERT_BY],[ACM_VERSION])
     VALUES(23 , 9 , 0,GETDATE() ,1,GETDATE(),'ADMIN',0);
INSERT INTO [dbo].[ACM_SETTING_DOC_PRODUCT] ([PRODUCT_ID] ,[ID_ACM_SETTING_DOC_TYPE],[MANDATORY],[DATE_DEBUT],[ACM_ENABLED],[DATE_INSERTION],[INSERT_BY],[ACM_VERSION])
     VALUES(23 , 1 , 1,GETDATE() ,1,GETDATE(),'ADMIN',0);
INSERT INTO [dbo].[ACM_SETTING_DOC_PRODUCT] ([PRODUCT_ID] ,[ID_ACM_SETTING_DOC_TYPE],[MANDATORY],[DATE_DEBUT],[ACM_ENABLED],[DATE_INSERTION],[INSERT_BY],[ACM_VERSION])
     VALUES(26 , 2 , 0,GETDATE() ,1,GETDATE(),'ADMIN',0);
INSERT INTO [dbo].[ACM_SETTING_DOC_PRODUCT] ([PRODUCT_ID] ,[ID_ACM_SETTING_DOC_TYPE],[MANDATORY],[DATE_DEBUT],[ACM_ENABLED],[DATE_INSERTION],[INSERT_BY],[ACM_VERSION])
     VALUES(26 , 3 , 0,GETDATE() ,1,GETDATE(),'ADMIN',0);
INSERT INTO [dbo].[ACM_SETTING_DOC_PRODUCT] ([PRODUCT_ID] ,[ID_ACM_SETTING_DOC_TYPE],[MANDATORY],[DATE_DEBUT],[ACM_ENABLED],[DATE_INSERTION],[INSERT_BY],[ACM_VERSION])
     VALUES(26 , 4 , 0,GETDATE() ,1,GETDATE(),'ADMIN',0);
INSERT INTO [dbo].[ACM_SETTING_DOC_PRODUCT] ([PRODUCT_ID] ,[ID_ACM_SETTING_DOC_TYPE],[MANDATORY],[DATE_DEBUT],[ACM_ENABLED],[DATE_INSERTION],[INSERT_BY],[ACM_VERSION])
     VALUES(26 , 5 , 1,GETDATE() ,1,GETDATE(),'ADMIN',0);
INSERT INTO [dbo].[ACM_SETTING_DOC_PRODUCT] ([PRODUCT_ID] ,[ID_ACM_SETTING_DOC_TYPE],[MANDATORY],[DATE_DEBUT],[ACM_ENABLED],[DATE_INSERTION],[INSERT_BY],[ACM_VERSION])
     VALUES(26 , 6 , 0,GETDATE() ,1,GETDATE(),'ADMIN',0);
INSERT INTO [dbo].[ACM_SETTING_DOC_PRODUCT] ([PRODUCT_ID] ,[ID_ACM_SETTING_DOC_TYPE],[MANDATORY],[DATE_DEBUT],[ACM_ENABLED],[DATE_INSERTION],[INSERT_BY],[ACM_VERSION])
     VALUES(26 , 7 , 0,GETDATE() ,1,GETDATE(),'ADMIN',0);
INSERT INTO [dbo].[ACM_SETTING_DOC_PRODUCT] ([PRODUCT_ID] ,[ID_ACM_SETTING_DOC_TYPE],[MANDATORY],[DATE_DEBUT],[ACM_ENABLED],[DATE_INSERTION],[INSERT_BY],[ACM_VERSION])
     VALUES(26 , 8 , 1,GETDATE() ,1,GETDATE(),'ADMIN',0);
INSERT INTO [dbo].[ACM_SETTING_DOC_PRODUCT] ([PRODUCT_ID] ,[ID_ACM_SETTING_DOC_TYPE],[MANDATORY],[DATE_DEBUT],[ACM_ENABLED],[DATE_INSERTION],[INSERT_BY],[ACM_VERSION])
     VALUES(26 , 9 , 0,GETDATE() ,1,GETDATE(),'ADMIN',0);

INSERT INTO [dbo].[ACM_SETTING_DOC_PRODUCT] ([PRODUCT_ID] ,[ID_ACM_SETTING_DOC_TYPE],[MANDATORY],[DATE_DEBUT],[ACM_ENABLED],[DATE_INSERTION],[INSERT_BY],[ACM_VERSION])
     VALUES(1 , 10 , 1,GETDATE() ,1,GETDATE(),'ADMIN',0);
INSERT INTO [dbo].[ACM_SETTING_DOC_PRODUCT] ([PRODUCT_ID] ,[ID_ACM_SETTING_DOC_TYPE],[MANDATORY],[DATE_DEBUT],[ACM_ENABLED],[DATE_INSERTION],[INSERT_BY],[ACM_VERSION])
     VALUES(1 , 11 , 1,GETDATE() ,1,GETDATE(),'ADMIN',0);
INSERT INTO [dbo].[ACM_SETTING_DOC_PRODUCT] ([PRODUCT_ID] ,[ID_ACM_SETTING_DOC_TYPE],[MANDATORY],[DATE_DEBUT],[ACM_ENABLED],[DATE_INSERTION],[INSERT_BY],[ACM_VERSION])
     VALUES(1 , 12 , 1,GETDATE() ,1,GETDATE(),'ADMIN',0);

INSERT INTO [dbo].[ACM_SETTING_DOC_PRODUCT] ([PRODUCT_ID] ,[ID_ACM_SETTING_DOC_TYPE],[MANDATORY],[DATE_DEBUT],[ACM_ENABLED],[DATE_INSERTION],[INSERT_BY],[ACM_VERSION])
     VALUES(3 , 10 , 1,GETDATE() ,1,GETDATE(),'ADMIN',0);
INSERT INTO [dbo].[ACM_SETTING_DOC_PRODUCT] ([PRODUCT_ID] ,[ID_ACM_SETTING_DOC_TYPE],[MANDATORY],[DATE_DEBUT],[ACM_ENABLED],[DATE_INSERTION],[INSERT_BY],[ACM_VERSION])
     VALUES(3 , 11 , 1,GETDATE() ,1,GETDATE(),'ADMIN',0);
INSERT INTO [dbo].[ACM_SETTING_DOC_PRODUCT] ([PRODUCT_ID] ,[ID_ACM_SETTING_DOC_TYPE],[MANDATORY],[DATE_DEBUT],[ACM_ENABLED],[DATE_INSERTION],[INSERT_BY],[ACM_VERSION])
     VALUES(3 , 12 , 1,GETDATE() ,1,GETDATE(),'ADMIN',0);

INSERT INTO [dbo].[ACM_SETTING_DOC_PRODUCT] ([PRODUCT_ID] ,[ID_ACM_SETTING_DOC_TYPE],[MANDATORY],[DATE_DEBUT],[ACM_ENABLED],[DATE_INSERTION],[INSERT_BY],[ACM_VERSION])
     VALUES(6 , 10 , 1,GETDATE() ,1,GETDATE(),'ADMIN',0);
INSERT INTO [dbo].[ACM_SETTING_DOC_PRODUCT] ([PRODUCT_ID] ,[ID_ACM_SETTING_DOC_TYPE],[MANDATORY],[DATE_DEBUT],[ACM_ENABLED],[DATE_INSERTION],[INSERT_BY],[ACM_VERSION])
     VALUES(6 , 11 , 1,GETDATE() ,1,GETDATE(),'ADMIN',0);
INSERT INTO [dbo].[ACM_SETTING_DOC_PRODUCT] ([PRODUCT_ID] ,[ID_ACM_SETTING_DOC_TYPE],[MANDATORY],[DATE_DEBUT],[ACM_ENABLED],[DATE_INSERTION],[INSERT_BY],[ACM_VERSION])
     VALUES(6 , 12 , 1,GETDATE() ,1,GETDATE(),'ADMIN',0);
     
INSERT INTO [dbo].[ACM_SETTING_DOC_PRODUCT] ([PRODUCT_ID] ,[ID_ACM_SETTING_DOC_TYPE],[MANDATORY],[DATE_DEBUT],[ACM_ENABLED],[DATE_INSERTION],[INSERT_BY],[ACM_VERSION])
     VALUES(5 , 10 , 1,GETDATE() ,1,GETDATE(),'ADMIN',0);
INSERT INTO [dbo].[ACM_SETTING_DOC_PRODUCT] ([PRODUCT_ID] ,[ID_ACM_SETTING_DOC_TYPE],[MANDATORY],[DATE_DEBUT],[ACM_ENABLED],[DATE_INSERTION],[INSERT_BY],[ACM_VERSION])
     VALUES(5 , 11 , 1,GETDATE() ,1,GETDATE(),'ADMIN',0);
INSERT INTO [dbo].[ACM_SETTING_DOC_PRODUCT] ([PRODUCT_ID] ,[ID_ACM_SETTING_DOC_TYPE],[MANDATORY],[DATE_DEBUT],[ACM_ENABLED],[DATE_INSERTION],[INSERT_BY],[ACM_VERSION])
     VALUES(5 , 12 , 1,GETDATE() ,1,GETDATE(),'ADMIN',0);     
     
INSERT INTO [dbo].[ACM_SETTING_DOC_PRODUCT] ([PRODUCT_ID] ,[ID_ACM_SETTING_DOC_TYPE],[MANDATORY],[DATE_DEBUT],[ACM_ENABLED],[DATE_INSERTION],[INSERT_BY],[ACM_VERSION])
     VALUES(20 , 10 , 1,GETDATE() ,1,GETDATE(),'ADMIN',0);
INSERT INTO [dbo].[ACM_SETTING_DOC_PRODUCT] ([PRODUCT_ID] ,[ID_ACM_SETTING_DOC_TYPE],[MANDATORY],[DATE_DEBUT],[ACM_ENABLED],[DATE_INSERTION],[INSERT_BY],[ACM_VERSION])
     VALUES(20 , 11 , 1,GETDATE() ,1,GETDATE(),'ADMIN',0);
INSERT INTO [dbo].[ACM_SETTING_DOC_PRODUCT] ([PRODUCT_ID] ,[ID_ACM_SETTING_DOC_TYPE],[MANDATORY],[DATE_DEBUT],[ACM_ENABLED],[DATE_INSERTION],[INSERT_BY],[ACM_VERSION])
     VALUES(20 , 12 , 1,GETDATE() ,1,GETDATE(),'ADMIN',0);     
                   
INSERT INTO [dbo].[ACM_SETTING_DOC_PRODUCT] ([PRODUCT_ID] ,[ID_ACM_SETTING_DOC_TYPE],[MANDATORY],[DATE_DEBUT],[ACM_ENABLED],[DATE_INSERTION],[INSERT_BY],[ACM_VERSION])
     VALUES(21 , 10 , 1,GETDATE() ,1,GETDATE(),'ADMIN',0);
INSERT INTO [dbo].[ACM_SETTING_DOC_PRODUCT] ([PRODUCT_ID] ,[ID_ACM_SETTING_DOC_TYPE],[MANDATORY],[DATE_DEBUT],[ACM_ENABLED],[DATE_INSERTION],[INSERT_BY],[ACM_VERSION])
     VALUES(21 , 11 , 1,GETDATE() ,1,GETDATE(),'ADMIN',0);
INSERT INTO [dbo].[ACM_SETTING_DOC_PRODUCT] ([PRODUCT_ID] ,[ID_ACM_SETTING_DOC_TYPE],[MANDATORY],[DATE_DEBUT],[ACM_ENABLED],[DATE_INSERTION],[INSERT_BY],[ACM_VERSION])
     VALUES(21 , 12 , 1,GETDATE() ,1,GETDATE(),'ADMIN',0);

INSERT INTO [dbo].[ACM_SETTING_DOC_PRODUCT] ([PRODUCT_ID] ,[ID_ACM_SETTING_DOC_TYPE],[MANDATORY],[DATE_DEBUT],[ACM_ENABLED],[DATE_INSERTION],[INSERT_BY],[ACM_VERSION])
     VALUES(22 , 10 , 1,GETDATE() ,1,GETDATE(),'ADMIN',0);
INSERT INTO [dbo].[ACM_SETTING_DOC_PRODUCT] ([PRODUCT_ID] ,[ID_ACM_SETTING_DOC_TYPE],[MANDATORY],[DATE_DEBUT],[ACM_ENABLED],[DATE_INSERTION],[INSERT_BY],[ACM_VERSION])
     VALUES(22 , 11 , 1,GETDATE() ,1,GETDATE(),'ADMIN',0);
INSERT INTO [dbo].[ACM_SETTING_DOC_PRODUCT] ([PRODUCT_ID] ,[ID_ACM_SETTING_DOC_TYPE],[MANDATORY],[DATE_DEBUT],[ACM_ENABLED],[DATE_INSERTION],[INSERT_BY],[ACM_VERSION])
     VALUES(22 , 12 , 1,GETDATE() ,1,GETDATE(),'ADMIN',0);   
     
INSERT INTO [dbo].[ACM_SETTING_DOC_PRODUCT] ([PRODUCT_ID] ,[ID_ACM_SETTING_DOC_TYPE],[MANDATORY],[DATE_DEBUT],[ACM_ENABLED],[DATE_INSERTION],[INSERT_BY],[ACM_VERSION])
     VALUES(23 , 10 , 1,GETDATE() ,1,GETDATE(),'ADMIN',0);
INSERT INTO [dbo].[ACM_SETTING_DOC_PRODUCT] ([PRODUCT_ID] ,[ID_ACM_SETTING_DOC_TYPE],[MANDATORY],[DATE_DEBUT],[ACM_ENABLED],[DATE_INSERTION],[INSERT_BY],[ACM_VERSION])
     VALUES(23 , 11 , 1,GETDATE() ,1,GETDATE(),'ADMIN',0);
INSERT INTO [dbo].[ACM_SETTING_DOC_PRODUCT] ([PRODUCT_ID] ,[ID_ACM_SETTING_DOC_TYPE],[MANDATORY],[DATE_DEBUT],[ACM_ENABLED],[DATE_INSERTION],[INSERT_BY],[ACM_VERSION])
     VALUES(23 , 12 , 1,GETDATE() ,1,GETDATE(),'ADMIN',0);
     
INSERT INTO [dbo].[ACM_SETTING_DOC_PRODUCT] ([PRODUCT_ID] ,[ID_ACM_SETTING_DOC_TYPE],[MANDATORY],[DATE_DEBUT],[ACM_ENABLED],[DATE_INSERTION],[INSERT_BY],[ACM_VERSION])
     VALUES(26 , 10 , 1,GETDATE() ,1,GETDATE(),'ADMIN',0);
INSERT INTO [dbo].[ACM_SETTING_DOC_PRODUCT] ([PRODUCT_ID] ,[ID_ACM_SETTING_DOC_TYPE],[MANDATORY],[DATE_DEBUT],[ACM_ENABLED],[DATE_INSERTION],[INSERT_BY],[ACM_VERSION])
     VALUES(26 , 11 , 1,GETDATE() ,1,GETDATE(),'ADMIN',0);
INSERT INTO [dbo].[ACM_SETTING_DOC_PRODUCT] ([PRODUCT_ID] ,[ID_ACM_SETTING_DOC_TYPE],[MANDATORY],[DATE_DEBUT],[ACM_ENABLED],[DATE_INSERTION],[INSERT_BY],[ACM_VERSION])
     VALUES(26 , 12 , 1,GETDATE() ,1,GETDATE(),'ADMIN',0);            
-----------------------
-----------------------
-- DATA [ACM_PRODUCT]
-----------------------
INSERT INTO [dbo].[ACM_PRODUCT] (ID_ACM_PRODUCT,[CODE],[DESCRIPTION],[ACM_ENABLED],[DATE_INSERTION],[INSERT_BY],[ACM_VERSION])
     VALUES (1,'SOUYOULA',N'سيولة',1,GETDATE(),'ADMIN',0);

INSERT INTO [dbo].[ACM_PRODUCT] (ID_ACM_PRODUCT,[CODE],[DESCRIPTION],[ACM_ENABLED],[DATE_INSERTION],[INSERT_BY],[ACM_VERSION])
     VALUES (2,'MACHROU3',N'مشروع',1,GETDATE(),'ADMIN',0);

INSERT INTO [dbo].[ACM_PRODUCT] (ID_ACM_PRODUCT,[CODE],[DESCRIPTION],[ACM_ENABLED],[DATE_INSERTION],[INSERT_BY],[ACM_VERSION])
     VALUES (3,'TADHAMOUN',N'تضامن',1,GETDATE(),'ADMIN',0);

INSERT INTO [dbo].[ACM_PRODUCT] (ID_ACM_PRODUCT,[CODE],[DESCRIPTION],[ACM_ENABLED],[DATE_INSERTION],[INSERT_BY],[ACM_VERSION])
     VALUES (4,'SABA',N'صابة',1,GETDATE(),'ADMIN',0);
	
INSERT INTO [dbo].[ACM_PRODUCT] (ID_ACM_PRODUCT,[CODE],[DESCRIPTION],[ACM_ENABLED],[DATE_INSERTION],[INSERT_BY],[ACM_VERSION])
     VALUES (5,'PH',N'قرض شرفي',1,GETDATE(),'ADMIN',0);

INSERT INTO [dbo].[ACM_PRODUCT] (ID_ACM_PRODUCT,[CODE],[DESCRIPTION],[ACM_ENABLED],[DATE_INSERTION],[INSERT_BY],[ACM_VERSION])
     VALUES (6,'HLIBNA',N'حليبنا',1,GETDATE(),'ADMIN',0);

INSERT INTO [dbo].[ACM_PRODUCT] (ID_ACM_PRODUCT,[CODE],[DESCRIPTION],[ACM_ENABLED],[DATE_INSERTION],[INSERT_BY],[ACM_VERSION])
     VALUES (7,'Asalna',N'عسلنا',1,GETDATE(),'ADMIN',0);

INSERT INTO [dbo].[ACM_PRODUCT] (ID_ACM_PRODUCT,[CODE],[DESCRIPTION],[ACM_ENABLED],[DATE_INSERTION],[INSERT_BY],[ACM_VERSION])
     VALUES (20,'ENTILEK',N'إنطلاق',1,GETDATE(),'ADMIN',0);

INSERT INTO [dbo].[ACM_PRODUCT] (ID_ACM_PRODUCT,[CODE],[DESCRIPTION],[ACM_ENABLED],[DATE_INSERTION],[INSERT_BY],[ACM_VERSION])
     VALUES (21,'TANMYA',N'تنمية',1,GETDATE(),'ADMIN',0);

INSERT INTO [dbo].[ACM_PRODUCT] (ID_ACM_PRODUCT,[CODE],[DESCRIPTION],[ACM_ENABLED],[DATE_INSERTION],[INSERT_BY],[ACM_VERSION])
     VALUES (22,'TAWFIK',N'توفيق',1,GETDATE(),'ADMIN',0);

INSERT INTO [dbo].[ACM_PRODUCT] (ID_ACM_PRODUCT,[CODE],[DESCRIPTION],[ACM_ENABLED],[DATE_INSERTION],[INSERT_BY],[ACM_VERSION])
     VALUES (23,'9rayti',N'قرايتي',1,GETDATE(),'ADMIN',0);

INSERT INTO [dbo].[ACM_PRODUCT] (ID_ACM_PRODUCT,[CODE],[DESCRIPTION],[ACM_ENABLED],[DATE_INSERTION],[INSERT_BY],[ACM_VERSION])
     VALUES (24,'Dari',N'داري',1,GETDATE(),'ADMIN',0);

INSERT INTO [dbo].[ACM_PRODUCT] (ID_ACM_PRODUCT,[CODE],[DESCRIPTION],[ACM_ENABLED],[DATE_INSERTION],[INSERT_BY],[ACM_VERSION])
     VALUES (25,'Dari+',N'+داري',1,GETDATE(),'ADMIN',0);

INSERT INTO [dbo].[ACM_PRODUCT] (ID_ACM_PRODUCT,[CODE],[DESCRIPTION],[ACM_ENABLED],[DATE_INSERTION],[INSERT_BY],[ACM_VERSION])
     VALUES (26,'A3yedna',N'أعيادنا',1,GETDATE(),'ADMIN',0);

INSERT INTO [dbo].[ACM_PRODUCT] (ID_ACM_PRODUCT,[CODE],[DESCRIPTION],[ACM_ENABLED],[DATE_INSERTION],[INSERT_BY],[ACM_VERSION])
     VALUES (27,'EMTIYEZ',N'إمتياز',1,GETDATE(),'ADMIN',0);

TRUNCATE TABLE oauth_access_token;

TRUNCATE TABLE oauth_refresh_token;